id,firstname,lastname,prog_code,year,gender
2021-0003,Zandro,Araneta,P035,5,Male
2021-0011,Lorenza,Kua,P013,5,Female
2021-0018,Luisa,Tagle,P033,5,Female
2021-0028,Urbano,Bagatsing,P006,5,Male
2021-0039,Modesta,Ilagan,P031,5,Female
2022-0054,Venancio,Fuentes,P020,4,Male
2022-0055,Patricio,Martinez,P025,4,Male
2022-0065,Hansel,Buenaventura,P001,4,Male
2022-0073,Paula,Palafox,P005,4,Female
2022-0075,Isidra,Jardin,P020,4,Female
2022-0086,Sarah,Fonoti,P011,4,Female
2022-0092,Procopio,Maceda,P036,4,Male
2022-0099,Lourdes,Tolentino,P015,4,Female
2022-0113,Gino,Macapagal,P024,4,Male
2022-0122,Yolanda,Kiram,P019,4,Male
2022-0128,Sulpicio,Jalandoni,P021,4,Male
2022-0133,Angelica,Hernandez,P034,4,Female
2022-0134,Augusto,Elizalde,P004,4,Male
2022-0148,Hector,Dacanay,P004,4,Male
2022-0165,Anunciacion,Yap,P015,4,Female
2022-0205,Manuel,Hizon,P033,4,Male
2022-0207,Anastacia,Gonzales,P035,4,Female
2022-0214,Januaria,Limkaichong,P017,4,Female
2022-0226,Sandy,Nieto,P023,4,Male
2022-0242,Felicidad,Recto,P007,4,Female
2022-0256,Rosario,Montinola,P018,4,Female
2022-0257,Beth,Imelda,P036,4,Female
2022-0289,Alden,Javier,P021,4,Male
2022-0300,Guillerma,Macapagal,P006,4,Female
2022-0311,Wilfredo,Ysrael,P024,4,Male
2022-0322,Renz,Wijangco,P015,4,Male
2022-0325,Maricel,Feria,P022,4,Female
2022-0330,Efren,Abalos,P020,4,Male
2022-0332,Diwa,Parreńo,P003,4,Female
2022-0336,Gracia,Yatco,P007,4,Female
2022-0337,Gertrudes,Naguit,P001,4,Female
2022-0343,Eugene,Salcedo,P007,4,Male
2022-0347,Bibiana,Camara,P014,4,Female
2022-0349,Manuel,Valera,P007,4,Male
2022-0352,Dante,Ablaza,P004,4,Male
2022-0353,Georgina,Tolentino,P036,4,Female
2022-0369,Lisa,Quizon,P017,4,Female
2022-0374,Gilbert,Ochoa,P016,4,Male
2022-0381,Yolanda,Degamo,P019,4,Female
2022-0396,Iggy,Montinola,P031,4,Male
2022-0402,Julia,Lumnad,P025,4,Female
2022-0406,Cornelia,Feria,P007,4,Female
2022-0407,Fernando,Panlilio,P035,4,Male
2022-0420,Ceferino,Natividad,P005,4,Male
2022-0425,Ireneo,Uy,P032,4,Male
2022-0454,Ana,Padilla,P030,4,Female
2022-0473,Vera,Hidalgo,P002,4,Female
2022-0474,Honorio,Bigornia,P030,4,Male
2022-0497,Lisa,Dimalanta,P034,4,Female
2022-0526,Bituin,Tagamolila,P021,4,Female
2022-0538,Ines,Inton,P026,4,Female
2022-0549,Valentino,Macapagal,P009,4,Male
2022-0556,Tranquilino,Piamonte,P036,4,Male
2022-0562,Esmeralda,Dimalanta,P013,4,Female
2022-0565,Jovita,Ugdoracion,P027,4,Female
2022-0598,Adoracion,Ilustre,P037,4,Female
2022-0611,Alden,Maceda,P009,4,Male
2022-0621,Nathan,Rańada,P036,4,Male
2022-0624,Eduviges,Lagman,P018,4,Female
2022-0656,Macaria,Ongpin,P026,4,Female
2022-0668,Manuel,Nograles,P002,4,Male
2022-0678,Dennis,Padilla,P033,4,Male
2022-0697,Jose,Dimalanta,P030,4,Male
2023-0058,Tranquilino,Kiko,P029,3,Male
2023-0061,Feliciano,Piamonte,P011,3,Male
2023-0069,Arcadia,Legarda,P005,3,Female
2023-0073,Karen,Salazar,P001,3,Female
2023-0081,Sandy,Defensor,P008,3,Male
2023-0083,Juliana,Repizo,P031,3,Female
2023-0088,Vera,Evasco,P033,3,Female
2023-0091,Kim,Lacaba,P024,3,Male
2023-0106,Kevin,Ibanez,P010,3,Male
2023-0109,Cathy,Aguilar,P031,3,Female
2023-0115,Totoy,Inting,P034,3,Male
2023-0121,Rafael,Dimayuga,P022,3,Male
2023-0142,Francisco,Padilla,P034,3,Male
2023-0148,Ignacia,Tamano,P022,3,Female
2023-0164,Faustina,Wenceslao,P021,3,Female
2023-0189,Hannah,Ignacio,P022,3,Female
2023-0196,Maliwanag,Quebral,P026,3,Female
2023-0207,Honorio,Baraquel,P006,3,Male
2023-0220,Tranquilino,Evasco,P002,3,Male
2023-0221,Damaso,Hubilla,P032,3,Male
2023-0236,Araw,Uy,P028,3,Female
2023-0260,Nora,Ortiz,P030,3,Female
2023-0265,Prudencio,Yap,P009,3,Male
2023-0280,Grace,Sotto,P014,3,Female
2023-0283,Gerry,Tomas,P012,3,Male
2023-0296,Jojo,Dela Cruz,P028,3,Male
2023-0311,Aaron,Evardone,P016,3,Male
2023-0323,Constancia,Garchitorena,P014,3,Female
2023-0327,Presentacion,Gullas,P028,3,Female
2023-0334,Herminio,Kintanar,P035,3,Male
2023-0356,Mark,Diokno,P003,3,Male
2023-0366,Beatriz,Montinola,P029,3,Female
2023-0395,Elena,Uy-Matiao,P003,3,Female
2023-0398,Kurt,Imperial,P010,3,Male
2023-0400,Jhun,Espino,P014,3,Male
2023-0420,Serafin,Pangilinan,P016,3,Male
2023-0426,Carolina,Ureta,P037,3,Female
2023-0429,Hansel,Velasco,P028,3,Male
2023-0444,Eleuteria,Busuego,P034,3,Female
2023-0445,Renz,Uson,P011,3,Male
2023-0446,Jane,Deles,P031,3,Female
2023-0449,Iris,Dalog,P011,3,Female
2023-0453,Barbara,Baraquel,P007,3,Female
2023-0455,Rosa,Mamba,P027,3,Female
2023-0456,Goryo,Chatto,P033,3,Male
2023-0458,Jose,Wenceslao,P013,3,Male
2023-0461,Maricris,Torres,P036,3,Female
2023-0477,Diwa,Feria,P012,3,Female
2023-0484,Miguel,Joson,P034,3,Male
2023-0491,Tranquilino,Katipunan,P023,3,Male
2023-0496,Araceli,Recto,P009,3,Female
2023-0502,Vergel,Tomas,P027,3,Male
2023-0509,Liwayway,Fonoti,P009,3,Female
2023-0518,Sandy,Galang,P009,3,Male
2023-0524,Bernardina,Montinola,P017,3,Female
2023-0532,Salvador,Nepomuceno,P027,3,Male
2023-0540,Guillerma,Valenzuela,P003,3,Female
2023-0559,Lilibeth,Espino,P004,3,Female
2023-0570,Manuela,Kuizon,P015,3,Female
2023-0571,Liduvina,Macasaet,P036,3,Female
2023-0580,Virtud,Villarin,P018,3,Female
2023-0587,Kurt,Sabio,P035,3,Male
2023-0588,Bituin,Pascual,P013,3,Female
2023-0600,Sisenando,Quisumbing,P034,3,Male
2023-0602,Ricardo,Isidto,P007,3,Male
2023-0605,Deogracias,Lacson,P025,3,Male
2023-0620,Adoracion,Nograles,P001,3,Female
2023-0625,Atanasia,Joson,P033,3,Female
2023-0641,Sampaguita,Oreta,P028,3,Female
2023-0644,Timothy,Zulueta,P033,3,Male
2023-0646,Oscar,Elizalde,P015,3,Male
2023-0699,Urban,Nabua,P016,3,Male
2023-0704,Domitila,Gomez,P008,3,Female
2023-0719,Rosendo,Recto,P019,3,Male
2023-0729,Leonarda,Aquino,P024,3,Female
2023-0737,Cristina,Villar,P031,3,Female
2023-0739,Genoveva,Figueroa,P011,3,Female
2023-0740,Gregorio,Perez,P015,3,Male
2023-0753,Barbara,Fonacier,P013,3,Female
2023-0765,Gina,Imperial,P020,3,Female
2023-0776,Patricia,Salcedo,P033,3,Female
2023-0791,Xena,Abaya,P028,3,Female
2023-0803,Beatriz,Misuari,P006,3,Female
2023-0844,Victoriano,Guzman,P004,3,Male
2023-0871,Bibiana,Sanchez,P030,3,Female
2023-0872,Proceso,Nabong,P024,3,Male
2023-0895,Romy,Ilagan,P034,3,Male
2023-0911,Leoncia,Mapa,P003,3,Female
2023-0918,Jomar,Macapagal,P012,3,Male
2023-0947,Albert,Gatchalian,P024,3,Male
2023-0951,Maxima,Tatad,P019,3,Female
2023-0952,Mercedes,Habana,P027,3,Female
2023-0956,Hilaria,Ablaza,P022,3,Female
2023-0963,Concepcion,Zamora,P029,3,Female
2023-0996,Damaso,Mendoza,P019,3,Male
2023-0997,Archie,Sabal,P030,3,Male
2024-0027,Xander,Enriquez,P030,2,Male
2024-0088,Temperancia,Bello,P012,2,Female
2024-0096,Gregorio,Jardin,P001,2,Male
2024-0098,Arcadia,Javellana,P032,2,Female
2024-0100,Bibiana,Chatto,P002,2,Female
2024-0113,Tatay,Gonzales,P035,2,Male
2024-0115,Yolanda,Yap,P013,2,Female
2024-0121,Lucila,Deles,P008,2,Female
2024-0126,Harry,Aglipay,P037,2,Male
2024-0130,Faye,Neri,P012,2,Female
2024-0141,Florencia,Camara,P019,2,Female
2024-0143,Felipa,Zamora,P032,2,Female
2024-0147,Macaria,Ablan,P011,2,Female
2024-0148,Valentino,Maceda,P007,2,Male
2024-0156,Dennis,Quimson,P021,2,Male
2024-0158,Lena,Roa,P027,2,Female
2024-0163,Angelica,Silverio,P009,2,Female
2024-0165,Marilyn,Nepomuceno,P025,2,Female
2024-0169,Dolores,Abaya,P018,2,Female
2024-0174,Macario,Manalo,P022,2,Male
2024-0179,Anastacia,Elpidio,P020,2,Female
2024-0180,Diana,Ledesma,P005,2,Female
2024-0183,Alden,Vasquez,P017,2,Male
2024-0189,Rosa,Guevara,P014,2,Female
2024-0190,Mark,Bundoc,P018,2,Male
2024-0201,Dalisay,Guevara,P025,2,Female
2024-0208,Alvin,Velarde,P016,2,Male
2024-0218,Maricel,Nabong,P013,2,Female
2024-0236,Dorotea,Javellana,P033,2,Female
2024-0240,Juanito,Degamo,P027,2,Male
2024-0253,Rex,Gullas,P025,2,Male
2024-0266,Serafin,Kiram,P026,2,Male
2024-0274,Beth,Ocampo,P001,2,Female
2024-0297,Elmer,Abueva,P015,2,Male
2024-0298,Hortensia,Andres,P023,2,Female
2024-0300,Eduviges,Oaminal,P011,2,Female
2024-0302,Isidra,Flores,P015,2,Female
2024-0317,Mercedes,Umali,P007,2,Female
2024-0321,Ricardo,Sabarre,P010,2,Male
2024-0331,Claudia,Villar,P001,2,Female
2024-0334,Jane,Obar,P027,2,Female
2024-0341,Crescencia,Morales,P008,2,Female
2024-0369,Leontina,Abadilla,P006,2,Female
2024-0377,Honorio,Gatchalian,P036,2,Male
2024-0387,Iggy,Nabua,P037,2,Male
2024-0392,Tito,Martinez,P032,2,Male
2024-0401,Ignacia,Magsaysay,P029,2,Female
2024-0408,Marilyn,Guerrero,P010,2,Female
2024-0412,Fortaleza,Aglipay,P006,2,Female
2024-0453,Linda,Araneta,P028,2,Female
2024-0454,Feliciano,Guevara,P031,2,Male
2024-0463,Isidra,Quimson,P018,2,Female
2024-0478,Lester,Escueta,P006,2,Male
2024-0482,Armando,Gatchalian,P025,2,Male
2024-0483,Xena,Echiverri,P029,2,Female
2024-0495,Marilou,Rivera,P008,2,Female
2024-0510,Liberata,Magalong,P025,2,Female
2024-0527,Corazon,Quiboloy,P018,2,Female
2024-0532,Celia,Jaro,P015,2,Female
2024-0541,Dionisia,Hagedorn,P001,2,Female
2024-0556,Efren,Mapa,P037,2,Male
2024-0572,Rosa,Kintanar,P017,2,Female
2024-0579,Masaya,Trillanes,P025,2,Female
2024-0581,Jhun,Ibarra,P032,2,Male
2024-0582,Justo,Maceda,P009,2,Male
2024-0597,Benigno,Rańada,P035,2,Male
2024-0609,Soc,Zaragoza,P014,2,Male
2024-0627,Clara,Dimayuga,P002,2,Female
2024-0631,Prudencia,Martinez,P005,2,Female
2024-0633,Karen,Guingona,P011,2,Female
2024-0637,Marcela,Abunda,P021,2,Female
2024-0639,Boyet,Pichay,P024,2,Male
2024-0642,Faye,Veloso,P037,2,Female
2024-0645,Rosario,Uy-Matiao,P034,2,Female
2024-0677,Bong,Hagedorn,P015,2,Male
2024-0678,Peds,Kintanar,P023,2,Male
2024-0686,Gracia,Silverio,P021,2,Female
2024-0698,Lando,Tamano,P003,2,Male
2024-0708,Caloy,Walo,P033,2,Male
2024-0722,Teodoro,Villarin,P011,2,Male
2024-0726,Ricardo,Trillanes,P006,2,Male
2024-0729,Patricia,Tagamolila,P032,2,Female
2024-0736,Merced,Kilat,P020,2,Female
2024-0745,Zara,Vasquez,P029,2,Female
2024-0765,Florencio,Abalos,P010,2,Male
2024-0766,Rolando,Quibranza,P028,2,Male
2024-0767,Rosario,Bagatsing,P015,2,Female
2024-0769,Honorata,Diaz,P013,2,Female
2024-0774,Paz,Habacon,P020,2,Female
2024-0775,Valeriano,Reyes,P002,2,Male
2024-0781,Iris,Gonzales,P001,2,Female
2024-0793,Paula,Castillo,P008,2,Female
2024-0797,Renato,Macasaet,P007,2,Male
2024-0809,Resurreccion,Peralta,P013,2,Female
2024-0811,Gabriela,Dalog,P020,2,Female
2024-0813,Patricia,Kalaw,P024,2,Female
2024-0817,Ferdie,Fonoti,P001,2,Male
2024-0818,Eugene,Morales,P026,2,Male
2024-0856,Escolastica,Hontiveros,P019,2,Female
2024-0868,Araceli,Obar,P032,2,Female
2024-0872,Vera,Zamora,P031,2,Female
2024-0884,Honorata,Ysrael,P027,2,Female
2024-0906,Marta,Dalog,P012,2,Female
2024-0910,Arthur,Oreta,P035,2,Male
2024-0914,Xander,Castillo,P029,2,Male
2024-0936,Luisa,Maguiling,P016,2,Female
2024-0937,Joel,Zobel,P012,2,Male
2024-0944,Paz,Zaragoza,P005,2,Female
2024-0950,Timothy,Tatad,P009,2,Male
2024-0952,Manny,Lavadia,P009,2,Male
2024-0969,Enriqueta,Aguilar,P037,2,Female
2024-0999,Amancia,Macaraeg,P032,2,Female
2024-1001,Teodoro,Napeńas,P010,2,Male
2024-1008,Anunciacion,Rańada,P008,2,Female
2024-1016,Jose,Galang,P022,2,Male
2024-1023,Gregorio,Ferrer,P010,2,Male
2024-1027,Hilaria,Quibranza,P003,2,Female
2024-1039,Ernesto,Imelda,P020,2,Male
2024-1044,Alfredo,Nograles,P035,2,Male
2024-1056,Temperancia,Macaraeg,P003,2,Female
2024-1140,Susan,Velarde,P012,2,Female
2024-1158,Margarita,Fuentes,P007,2,Female
2024-1174,Joel,Magalong,P023,2,Male
2024-1176,Andrea,Pangilinan,P004,2,Female
2024-1184,Imelda,Morales,P013,2,Female
2024-1189,Gilbert,Parreńo,P013,2,Male
2024-1200,Leandro,Baraquel,P001,2,Male
2024-1217,Ladislaa,Dimayuga,P034,2,Female
2024-1219,Leontina,Aquino,P012,2,Female
2024-1232,Placido,Ysrael,P026,2,Male
2024-1246,Emerenciana,Quebral,P015,2,Female
2024-1250,Elmer,Imelda,P031,2,Male
2024-1251,Gina,Cabrera,P006,2,Female
2024-1269,Isabel,Perez,P022,2,Female
2024-1271,Patricia,Kintanar,P036,2,Female
2024-1308,Elaine,Parojinog,P016,2,Female
2024-1334,Isidro,Golez,P037,2,Male
2024-1339,Florida,Abueva,P025,2,Female
2024-1351,Masaya,Uy-Eviota,P014,2,Female
2024-1358,Esperanza,Romualdez,P002,2,Female
2024-1373,Gertrudes,Bautista,P004,2,Female
2024-1399,Kevin,Halili,P022,2,Male
2024-1414,Benigno,Lapeńa,P019,2,Male
2024-1416,Boyet,Trillanes,P029,2,Male
2024-1421,Florencia,Parojinog,P005,2,Female
2024-1422,Recaredo,Bondoc,P017,2,Male
2024-1438,Carolina,Joson,P037,2,Female
2024-1460,Sulpicio,Zerna,P031,2,Male
2024-1461,Candelaria,Zaragoza,P001,2,Female
2024-1465,Marcela,Kilat,P023,2,Female
2024-1470,Josefina,Neri,P032,2,Female
2025-0035,Alice,Recto,P010,1,Female
2025-0045,Ladislaa,Maguiling,P035,1,Female
2025-0052,Alejandra,Suarez,P008,1,Female
2025-0091,Virgilio,Sison,P018,1,Male
2025-0113,Carolina,Oaminal,P020,1,Female
2025-0131,Eduardo,Zobel,P002,1,Male
2025-0136,Maliwanag,Fajardo,P017,1,Female
2025-0147,Encarnacion,Villafuerte,P036,1,Female
2025-0155,Antonio,Kintanar,P023,1,Male
2025-0176,Harry,Trillanes,P012,1,Male
2025-0188,Teofilo,Ablaza,P003,1,Male
2025-0189,Hansel,Herrera,P031,1,Male
2025-0192,Angelina,Hernandez,P027,1,Female
2025-0203,Cris,Caguioa,P011,1,Male
2025-0206,Queen,Javellana,P019,1,Female
2025-0220,Jhun,Jumamil,P004,1,Male
2025-0225,Nathan,Pascual,P026,1,Male
2025-0227,Modesta,Saguisag,P023,1,Female
2025-0239,Manuela,Bernas,P014,1,Female
2025-0245,Kelvin,Diokno,P032,1,Male
2025-0246,Antonia,Zaragoza,P014,1,Female
2025-0249,Sulpicio,Hubilla,P006,1,Male
2025-0253,Leonora,Wagas,P037,1,Female
2025-0259,Constancia,Tatad,P030,1,Female
2025-0264,Restituto,Tolentino,P022,1,Male
2025-0267,Marlo,Bello,P034,1,Male
2025-0268,Isko,Wijangco,P002,1,Male
2025-0276,Tahimik,Inting,P003,1,Female
2025-0277,Nora,Diokno,P027,1,Female
2025-0289,Dolores,Joson,P021,1,Female
2025-0299,Carlos,Sabal,P016,1,Male
2025-0307,Kate,Panlilio,P029,1,Female
2025-0309,Emilio,Uy-Eviota,P016,1,Male
2025-0317,Marisol,Villarin,P003,1,Female
2025-0331,Brigida,Wenceslao,P004,1,Female
2025-0340,Domingo,Jardeleza,P002,1,Male
2025-0344,Felipa,Inton,P031,1,Female
2025-0345,Ventura,Talosig,P031,1,Male
2025-0357,Aaron,Defensor,P020,1,Male
2025-0368,Maricris,Recto,P017,1,Female
2025-0374,Magdalena,Lacaba,P036,1,Female
2025-0378,Quirino,Inton,P026,1,Male
2025-0380,Adoracion,Joson,P020,1,Female
2025-0383,Totoy,Nabua,P019,1,Male
2025-0416,Larry,Peralta,P016,1,Male
2025-0417,Sandy,Nabong,P011,1,Male
2025-0420,Francisco,Ocampo,P021,1,Male
2025-0441,Lino,Aquino,P034,1,Male
2025-0463,Ofelia,Inton,P027,1,Female
2025-0469,Constancia,Lapeńa,P019,1,Female
2025-0488,Marisol,Ramirez,P024,1,Female
2025-0508,Victor,Kilat,P023,1,Male
2025-0525,Liwayway,Panlilio,P005,1,Female
2025-0528,Aurea,Zubiri,P002,1,Female
2025-0530,Dolores,Talosig,P031,1,Female
2025-0555,Kim,Torres,P005,1,Male
2025-0582,Abby,Fajardo,P032,1,Female
2025-0590,Herminio,Delos Santos,P004,1,Male
2025-0593,Olive,Lopez,P023,1,Female
2025-0595,Dionisia,Tagamolila,P026,1,Female
2025-0613,Jacinto,Genuino,P029,1,Male
2025-0617,Maricris,Cruz,P013,1,Female
2025-0620,Emilia,Garcia,P019,1,Female
2025-0638,Kevin,Baluyot,P026,1,Male
2025-0653,Rodrigo,Palafox,P005,1,Male
2025-0683,Abby,Jalandoni,P018,1,Female
2025-0689,Sabino,Nepomuceno,P017,1,Male
2025-0691,Donna,Ramos,P016,1,Female
2025-0694,Nicomedes,Silverio,P034,1,Male
2025-0715,Nora,Vasquez,P006,1,Female
2025-0724,Visitacion,Razon,P020,1,Female
2025-0728,Merced,Sanchez,P030,1,Female
2025-0737,Geronimo,Rańada,P030,1,Male
2025-0740,Marvin,Bocobo,P024,1,Male
2025-0742,Dante,Bocobo,P011,1,Male
2025-0756,Hortencia,Abueva,P035,1,Female
2025-0776,Atanasia,Roa,P033,1,Female
2025-0794,Lucio,Abueva,P024,1,Male
2025-0801,Florencio,Vergara,P021,1,Male
2025-0806,Alvin,Quimson,P036,1,Male
2025-0822,Imelda,Rańada,P019,1,Female
2025-0832,Nora,Tamano,P004,1,Female
2025-0840,Atanasia,Uson,P015,1,Female
2025-0846,Conrado,Uy-Matiao,P027,1,Male
2025-0856,Bituin,Yambao,P028,1,Female
2025-0857,Emerenciana,Gonzales,P029,1,Female
2025-0861,Desiderio,Ibarra,P013,1,Male
2025-0865,Balagtas,Dalisay,P016,1,Male
2025-0882,Perfecto,Ubando,P037,1,Male
2025-0884,Marcelo,Ferrer,P020,1,Male
2025-0894,Purificacion,Osmena,P025,1,Female
2025-0902,Dalisay,Ochoa,P006,1,Female
2025-0907,Fortunato,Limkaichong,P028,1,Male
2025-0912,Isabel,Araneta,P037,1,Female
2025-0917,Francisco,Calida,P024,1,Male
2025-0918,Willy,Javellana,P007,1,Male
2025-0921,Ignacio,Lavadia,P011,1,Male
2025-0925,Oscar,Recto,P014,1,Male
2025-0926,Procopio,Pangilinan,P027,1,Male
2025-0933,Norberto,Gonzales,P004,1,Male
2025-0941,Florida,Nabua,P009,1,Female
2025-0946,Lisa,Napeńas,P028,1,Female
2025-0948,Miguel,Baraquel,P002,1,Male
2025-0949,Hannah,Lontok,P008,1,Female
2025-0952,Paula,Bundoc,P022,1,Female
2025-0987,Marilyn,Ablan,P032,1,Female
2025-0988,Xavier,Ilagan,P003,1,Male
2025-1004,Juliana,Olgado,P025,1,Female
2025-1016,Beth,Zobel,P025,1,Female
2025-1040,Estela,Dimayuga,P018,1,Female
2025-1047,Panfilo,Perez,P021,1,Male
2025-1055,Justicia,Sabio,P026,1,Female
2025-1066,Vince,Lumnad,P017,1,Male
2025-1069,Jomar,Ubando,P005,1,Male
2025-1072,Kate,Feria,P014,1,Female
2025-1074,Adoracion,Macasaet,P025,1,Female
2025-1081,Sisenando,Ocampo,P032,1,Male
2025-1097,Valentin,Yap,P019,1,Male
2025-1103,Nicomedes,Jardin,P014,1,Male
2025-1110,Vince,Quibranza,P008,1,Male
2025-1117,Kevin,Ilagan,P006,1,Male
2025-1123,Maliwanag,Ugdoracion,P004,1,Female
2025-1132,Dennis,Javellana,P018,1,Male
2025-1184,Araceli,Mapa,P026,1,Female
2025-1188,Adoracion,Neri,P001,1,Female
2025-1214,Arthur,Claudio,P022,1,Male
2025-1230,Arnel,Imperial,P024,1,Male
2025-1232,Jacinto,Araneta,P028,1,Male
2025-1248,Imelda,Fortun,P018,1,Female
2025-1265,Beth,Jumamil,P002,1,Female
2025-1269,Diana,Guevara,P005,1,Female
2025-1289,Zara,Mamba,P016,1,Female
2025-1293,Higino,Limkaichong,P027,1,Male
2025-1310,Adrian,Guevara,P010,1,Male
2025-1311,Escolastica,Dimalanta,P014,1,Female
2025-1315,Victor,Naguit,P009,1,Male
2025-1321,Oliver,Inton,P033,1,Male
2025-1325,Quincy,Umali,P011,1,Male
2025-1329,Felipa,Lumnad,P026,1,Female
2025-1332,Isidro,Uichanco,P010,1,Male
2025-1333,Esmeralda,Roxas,P023,1,Female
2025-1342,Celestina,Elizalde,P007,1,Female
2025-1356,Benigno,Napeńas,P023,1,Male
2025-1374,Cirilo,Habacon,P012,1,Male
2025-1380,Gino,Velasco,P029,1,Male
2025-1381,Dodong,Ocampo,P024,1,Male
2025-1386,Christian,Quebral,P031,1,Male
2025-1390,Hilaria,Ilagan,P021,1,Female
2025-1402,Adoracion,Lacuna,P036,1,Female
2025-1410,Corazon,Aquino,P023,1,Female
2025-1414,Rex,Tagle,P003,1,Male
2025-1432,Arcadia,Quebral,P017,1,Female
2025-1433,Eduviges,Zamora,P019,1,Female
2025-1438,Bituin,Ochoa,P036,1,Female
2025-1453,Boyet,Manalo,P028,1,Male
2025-1459,Casimira,Fuentes,P013,1,Female
2025-1465,Timothy,Recto,P033,1,Male
2025-1467,Onofre,Trillanes,P022,1,Male
2025-1471,Efren,Fonacier,P022,1,Male
2025-1472,Merced,Hidalgo,P008,1,Female
2025-1494,Felipa,Ablaza,P001,1,Female
2025-1495,Crispin,Antiporda,P025,1,Male
2025-1503,Yolanda,Vasquez,P017,1,Female
2025-1508,Marlo,Naguit,P029,1,Male
2025-1509,Urban,Panlilio,P014,1,Male
2025-1516,Isidra,Dacanay,P007,1,Female
2025-1534,Lisa,Andres,P001,1,Female
2025-1541,Alice,Olgado,P029,1,Female
2025-1551,Filomena,Valera,P033,1,Female
2025-1556,Lisa,Empleo,P020,1,Female
2025-1560,Genoveva,Cabochan,P035,1,Female
2025-1562,Augusto,Tabacon,P003,1,Male
2025-1567,Procopio,Tagamolila,P037,1,Male
2025-1570,Harry,Imelda,P021,1,Male
2025-1579,Louie,Jocson,P009,1,Male
2025-1589,Obet,Fonacier,P011,1,Male
2025-1604,Marilyn,Tatad,P026,1,Female
2025-1613,Dante,Tagayuna,P010,1,Male
2025-1628,Macaria,Zarate,P017,1,Female
2025-1669,Valentin,Imelda,P002,1,Male
2025-1672,Fiona,Sabarre,P010,1,Female
2025-1683,Olive,Vasquez,P037,1,Female
2025-1687,Gina,Guerrero,P002,1,Female
2025-1690,Regino,Lopez,P009,1,Male
2025-1701,Sonny,Almario,P017,1,Male
